{
  "name": "DiscordConnect",
  "title": "DiscordConnect",
  "description": "Send Foundry chat to Discord!",
  "author": "Caoranach",
  "version": "1.0.5",
  "minimumCoreVersion": "0.7.9",
  "compatibleCoreVersion": "0.7.9",
  "scripts": [
	"./scripts/chatmirror.js"
  ],
"url": "https://github.com/caoranach/DiscordConnect/",
"manifest": "https://raw.githubusercontent.com/caoranach/DiscordConnect/main/module.json",
"download": "https://github.com/caoranach/DiscordConnect/raw/1.0.5/DiscordConnect.zip"
}
